Number,DisplayName,SamAccountName,UPN,OU,Group,Status,Error,Timestamp
1,James Smith,james.smith,james.smith@lab.local,"OU=Employees,DC=lab,DC=local",AllStaff,Success,,2026-10-08 09:12:01
2,Mary Johnson,mary.johnson,mary.johnson@lab.local,"OU=Employees,DC=lab,DC=local",AllStaff,Success,,2026-10-08 09:12:01
3,John Williams,john.williams,john.williams@lab.local,"OU=Employees,DC=lab,DC=local",AllStaff,Success,,2026-10-08 09:12:02
4,Patricia Brown,patricia.brown,patricia.brown@lab.local,"OU=Employees,DC=lab,DC=local",AllStaff,Success,,2026-10-08 09:12:02
5,Robert Jones,robert.jones,robert.jones@lab.local,"OU=Employees,DC=lab,DC=local",AllStaff,Success,,2026-10-08 09:12:02
6,Jennifer Garcia,jennifer.garcia,jennifer.garcia@lab.local,"OU=Employees,DC=lab,DC=local",AllStaff,Success,,2026-10-08 09:12:03
7,Michael Miller,michael.miller,michael.miller@lab.local,"OU=Employees,DC=lab,DC=local",AllStaff,Success,,2026-10-08 09:12:03
8,Linda Davis,linda.davis,linda.davis@lab.local,"OU=Employees,DC=lab,DC=local",AllStaff,Success,,2026-10-08 09:12:03
9,William Rodriguez,william.rodriguez,william.rodriguez@lab.local,"OU=Employees,DC=lab,DC=local",AllStaff,Failed,"The object already exists",2026-10-08 09:12:04
10,Elizabeth Martinez,elizabeth.martinez,elizabeth.martinez@lab.local,"OU=Employees,DC=lab,DC=local",AllStaff,Success,,2026-10-08 09:12:04
...,...,...,...,...,...,...,...,...
1000,Michelle Flores,michelle.flores1,michelle.flores1@lab.local,"OU=Employees,DC=lab,DC=local",AllStaff,Success,,2026-10-08 09:19:47
